"","factor","no","yes","Ratio","no","yes","pvalue","no (expected)","yes (expected)","no (relative_abundance)","yes (relative_abundance)"
"5","Urban (n = 469)",259,210,1.23333333333333,2.95518188763674,-2.72595712190403,1.55121995342805e-05,215.607365998027,253.392634001973,1.20125766019687,0.828753372516601
"3","Semi-urban (n = 649)",337,312,1.08012820512821,2.23722240889208,-2.06368764789626,0.000705507694275789,298.356461690233,350.643538309767,1.12952137215613,0.88979252691767
"1"," (n = 40)",18,22,0.818181818181818,-0.0906412080521602,0.0836104361837995,1,18.3886879316014,21.6113120683986,0.978862660944206,1.01798539257456
"2","Rural (n = 1820)",770,1050,0.733333333333333,-2.305414633257,2.126590402019,8.9830464929606e-07,836.685300887866,983.314699112134,0.920298228238142,1.06781684535793
"4","Unknown (n = 63)",14,49,0.285714285714286,-2.7802210432657,2.56456747554661,0.000220335840909763,28.9621834922723,34.0378165077277,0.483388968367509,1.43957530263069
